arrival_date_year,arrival_date_month,hotel,is_canceled,count
2015,July,City Hotel,0,459
2015,July,City Hotel,1,939
2015,July,Resort Hotel,0,1058
2015,July,Resort Hotel,1,320
2015,August,City Hotel,0,1248
2015,August,City Hotel,1,1232
2015,August,Resort Hotel,0,1043
2015,August,Resort Hotel,1,366
2015,September,City Hotel,0,1986
2015,September,City Hotel,1,1543
2015,September,Resort Hotel,0,1034
2015,September,Resort Hotel,1,551
2015,October,City Hotel,0,2065
2015,October,City Hotel,1,1321
2015,October,Resort Hotel,0,1160
2015,October,Resort Hotel,1,411
2015,November,City Hotel,0,934
2015,November,City Hotel,1,301
2015,November,Resort Hotel,0,920
2015,November,Resort Hotel,1,185
2015,December,City Hotel,0,986
2015,December,City Hotel,1,668
2015,December,Resort Hotel,0,961
2015,December,Resort Hotel,1,305
2016,January,City Hotel,0,926
2016,January,City Hotel,1,438
2016,January,Resort Hotel,0,765
2016,January,Resort Hotel,1,119
2016,February,City Hotel,0,1441
2016,February,City Hotel,1,930
2016,February,Resort Hotel,0,1113
2016,February,Resort Hotel,1,407
2016,March,City Hotel,0,1938
2016,March,City Hotel,1,1108
2016,March,Resort Hotel,0,1409
2016,March,Resort Hotel,1,369
2016,April,City Hotel,0,2022
2016,April,City Hotel,1,1539
2016,April,Resort Hotel,0,1345
2016,April,Resort Hotel,1,522
2016,May,City Hotel,0,2240
2016,May,City Hotel,1,1436
2016,May,Resort Hotel,0,1323
2016,May,Resort Hotel,1,479
2016,June,City Hotel,0,2203
2016,June,City Hotel,1,1720
2016,June,Resort Hotel,0,993
2016,June,Resort Hotel,1,376
2016,July,City Hotel,0,2088
2016,July,City Hotel,1,1043
2016,July,Resort Hotel,0,985
2016,July,Resort Hotel,1,456
2016,August,City Hotel,0,2131
2016,August,City Hotel,1,1247
2016,August,Resort Hotel,0,1107
2016,August,Resort Hotel,1,578
2016,September,City Hotel,0,2304
2016,September,City Hotel,1,1567
2016,September,Resort Hotel,0,1068
2016,September,Resort Hotel,1,455
2016,October,City Hotel,0,2272
2016,October,City Hotel,1,1947
2016,October,Resort Hotel,0,1417
2016,October,Resort Hotel,1,567
2016,November,City Hotel,0,1762
2016,November,City Hotel,1,1360
2016,November,Resort Hotel,0,1056
2016,November,Resort Hotel,1,276
2016,December,City Hotel,0,1406
2016,December,City Hotel,1,1072
2016,December,Resort Hotel,0,1056
2016,December,Resort Hotel,1,326
2017,January,City Hotel,0,1328
2017,January,City Hotel,1,1044
2017,January,Resort Hotel,0,1103
2017,January,Resort Hotel,1,206
2017,February,City Hotel,0,1623
2017,February,City Hotel,1,971
2017,February,Resort Hotel,0,1195
2017,February,Resort Hotel,1,388
2017,March,City Hotel,0,2134
2017,March,City Hotel,1,1278
2017,March,Resort Hotel,0,1164
2017,March,Resort Hotel,1,394
2017,April,City Hotel,0,1993
2017,April,City Hotel,1,1926
2017,April,Resort Hotel,0,1205
2017,April,Resort Hotel,1,537
2017,May,City Hotel,0,2339
2017,May,City Hotel,1,2217
2017,May,Resort Hotel,0,1212
2017,May,Resort Hotel,1,545
2017,June,City Hotel,0,2163
2017,June,City Hotel,1,1808
2017,June,Resort Hotel,0,1045
2017,June,Resort Hotel,1,631
2017,July,City Hotel,0,2235
2017,July,City Hotel,1,1324
2017,July,Resort Hotel,0,1094
2017,July,Resort Hotel,1,660
2017,August,City Hotel,0,2002
2017,August,City Hotel,1,1123
2017,August,Resort Hotel,0,1107
2017,August,Resort Hotel,1,693
