arrival_date_month,arrival_date_year,hotel,monthly_distribution
January,2017,Resort Hotel,1309
January,2016,Resort Hotel,884
January,2016,City Hotel,1364
January,2017,City Hotel,2372
February,2017,Resort Hotel,1583
February,2017,City Hotel,2594
February,2016,Resort Hotel,1520
February,2016,City Hotel,2371
March,2016,City Hotel,3046
March,2016,Resort Hotel,1778
March,2017,Resort Hotel,1558
March,2017,City Hotel,3412
April,2017,Resort Hotel,1742
April,2017,City Hotel,3919
April,2016,Resort Hotel,1867
April,2016,City Hotel,3561
May,2016,City Hotel,3676
May,2016,Resort Hotel,1802
May,2017,City Hotel,4556
May,2017,Resort Hotel,1757
June,2016,City Hotel,3923
June,2016,Resort Hotel,1369
June,2017,Resort Hotel,1676
June,2017,City Hotel,3971
July,2017,Resort Hotel,1754
July,2017,City Hotel,3559
July,2016,Resort Hotel,1441
July,2016,City Hotel,3131
July,2015,Resort Hotel,1378
July,2015,City Hotel,1398
August,2015,Resort Hotel,1409
August,2016,City Hotel,3378
August,2016,Resort Hotel,1685
August,2017,City Hotel,3125
August,2015,City Hotel,2480
August,2017,Resort Hotel,1800
September,2016,Resort Hotel,1523
September,2015,Resort Hotel,1585
September,2015,City Hotel,3529
September,2016,City Hotel,3871
October,2016,Resort Hotel,1984
October,2016,City Hotel,4219
October,2015,Resort Hotel,1571
October,2015,City Hotel,3386
November,2016,Resort Hotel,1332
November,2015,Resort Hotel,1105
November,2015,City Hotel,1235
November,2016,City Hotel,3122
December,2016,Resort Hotel,1382
December,2016,City Hotel,2478
December,2015,Resort Hotel,1266
December,2015,City Hotel,1654
